COUNT STUDENTS PER COURSE:

MariaDB [task]> create table Enrollment(
    -> StudentID int,
    -> StudentName varchar(10),
    -> Coursename varchar(10));
Query OK, 0 rows affected (0.010 sec)

MariaDB [task]> insert into Enrollment values(1,'grija','BSc.IT'),(2,'rehman','BCA'),(3,'tom','CS'),(4,'Jerry','BCA'),(5,'radhika','BSc.IT');
Query OK, 5 rows affected (0.003 sec)
Records: 5  Duplicates: 0  Warnings: 0
MariaDB [task]> select * from Enrollment;
+-----------+-------------+------------+
| StudentID | StudentName | Coursename |
+-----------+-------------+------------+
|         1 | grija       | BSc.IT     |
|         2 | rehman      | BCA        |
|         3 | tom         | CS         |
|         4 | Jerry       | BCA        |
|         5 | radhika     | BSc.IT     |
+-----------+-------------+------------+
5 rows in set (0.001 sec)

MariaDB [task]> select Coursename ,count(*) as StudentCount from Enrollment group by Coursename;

+------------+----------+
| Coursename | StuCount |
+------------+----------+
| BCA        |        2 |
| BSc.IT     |        2 |
| CS         |        1 |
+------------+----------+
3 rows in set (0.001 sec)

-----------------------------------------------------------------------------------------------------------------------------------------------------------------------------------------------------

AVERAGE SALARY CALCULATION:

MariaDB [task]> --average salary calculation--
MariaDB [task]>  create table AverageSalary(
    -> EmpId int,
    -> EmpName varchar(90),
    -> DeptName varchar(90),
    -> Salary int);
Query OK, 0 rows affected (0.010 sec)

MariaDB [task]> insert into  AverageSalary values (1,'Niksha','Informationtechnology',90000),(2,'shakshi','Informationtechnology',100000),(3,'nitara','Computerscience',70000),(4,'nethara','Bca',900000);
Query OK, 4 rows affected (0.003 sec)
Records: 4  Duplicates: 0  Warnings: 0

MariaDB [task]> select * from AverageSalary;
+-------+---------+-----------------------+--------+
| EmpId | EmpName | DeptName              | Salary |
+-------+---------+-----------------------+--------+
|     1 | Niksha  | Informationtechnology |  90000 |
|     2 | shakshi | Informationtechnology | 100000 |
|     3 | nitara  | Computerscience       |  70000 |
|     4 | nethara | Bca                   | 900000 |
+-------+---------+-----------------------+--------+
4 rows in set (0.000 sec)

MariaDB [task]> select DeptName,avg(Salary) as Salary from AverageSalary group by DeptName;
+-----------------------+-------------+
| DeptName              | Salary      |
+-----------------------+-------------+
| Bca                   | 900000.0000 |
| Computerscience       |  70000.0000 |
| Informationtechnology |  95000.0000 |
+-----------------------+-------------+
3 rows in set (0.001 sec)
â€”-----------------------------------------------------------------------------------------------------------------------------------------------------------------------------------------------------------------------------------------------------------

MIN/MAX:

MariaDB [task]> create table product(
    -> productid int,
    -> productname varchar(10),
    -> productprice int);
Query OK, 0 rows affected (0.010 sec)

MariaDB [task]> insert into product values(1,'pen',50),(2,'Sketch',200),(3,'bag',700),(4,'books',800);
Query OK, 4 rows affected (0.003 sec)
Records: 4  Duplicates: 0  Warnings: 0

MariaDB [task]> select * from product;
+-----------+-------------+--------------+
| productid | productname | productprice |
+-----------+-------------+--------------+
|         1 | pen         |           50 |
|         2 | Sketch      |          200 |
|         3 | bag         |          700 |
|         4 | books       |          800 |
+-----------+-------------+--------------+
4 rows in set (0.000 sec)
--------------------------------------------------------------------------------------------------------------------------------------------------------------------------------------------------------
MAINPROGRAM 10:
REPORT:

MariaDB [task]> create table report(
    -> deptno int,
    -> deptname varchar(10),
    -> name varchar(10),
    -> salary int);
Query OK, 0 rows affected (0.010 sec)

MariaDB [task]> insert into  report values(1,'HR','Rani',50000),(2,'HR','ramu',30000),(3,'Testing','geetham',80000),(4,'development','manasa',75000);
Query OK, 4 rows affected, 1 warning (0.003 sec)
Records: 4  Duplicates: 0  Warnings: 1

MariaDB [task]> select * from report;
+--------+------------+---------+--------+
| deptno | deptname   | name    | salary |
+--------+------------+---------+--------+
|      1 | HR         | Rani    |  50000 |
|      2 | HR         | ramu    |  30000 |
|      3 | Testing    | geetham |  80000 |
|      4 | developmen | manasa  |  75000 |
+--------+------------+---------+--------+
4 rows in set (0.000 sec)

MariaDB [task]> select deptname,count(*)as totalemployees,sum(salary) as totalsalary,avg(salary) as averagesalary,min(salary)as minimumsalary,max(salary)as maximumsalary from report group by deptname;
+------------+----------------+-------------+---------------+---------------+---------------+
| deptname   | totalemployees | totalsalary | averagesalary | minimumsalary | maximumsalary |
+------------+----------------+-------------+---------------+---------------+---------------+
| developmen |              1 |       75000 |    75000.0000 |         75000 |         75000 |
| HR         |              2 |       80000 |    40000.0000 |         30000 |         50000 |
| Testing    |              1 |       80000 |    80000.0000 |         80000 |         80000 |
+------------+----------------+-------------+---------------+---------------+---------------+
3 rows in set (0.001 sec)
























